title,linkpath,change_type,current_tags,proposed_tags,cur_d1,cur_d2,cur_l1,new_l1,lens_changed,reason
A Timeline Of Ayodhya,https://www.academia.edu/43763287/A_Timeline_of_Ayodhya_Nicole_Elfi_and_Michel_Danino,add-lens,ayodhya-history|ancient-urban-sites|indian-chronology,ayodhya-history|ancient-urban-sites|indian-chronology|svayambodha,history-and-civilizational-recovery,sindhu-sarasvati-and-origins,,svayambodha,yes,Recovering Ayodhya's continuous civilizational timeline — reclaiming historical memory as svayambodha
German Indology Aryanism and Anti Semitism,https://pub-1837129c34d34e56a6a81ac74dde2c4b.r2.dev/BOL%20-%20German%20Indology%20Aryanism%20and%20Anti%20Semitism.pdf,add-lens,german-indology|race-theory|antisemitism,german-indology|race-theory|antisemitism|purva-paksha,indology-and-civilizational-critique,,,purva-paksha,yes,Critical analysis of Aryan race science in German Indology — pure purva-paksha: engaging hostile Western scholarship on its own terms
Ideas of History in Sanskrit Literature,https://pub-1837129c34d34e56a6a81ac74dde2c4b.r2.dev/BOL%20-%20Ideas%20of%20History%20in%20Sanskrit%20Literature.pdf,add-lens,sanskrit-historiography|literary-history|historical-consciousness,sanskrit-historiography|literary-history|historical-consciousness|svayambodha,history-and-civilizational-recovery,,,svayambodha,yes,Recovering Sanskrit historical consciousness on its own terms — the subcontinent's own framework for history
Indian Historical Writing,https://www.academia.edu/43690308/On_Indian_historical_writing_The_case_of_the_Va%E1%B9%83%C5%9B%C4%81val%C4%ABs,add-lens,indian-historiography|vamsavalis|oral-tradition,indian-historiography|vamsavalis|oral-tradition|svayambodha,history-and-civilizational-recovery,,,svayambodha,yes,Vamsavali oral tradition as legitimate history — recovery of indigenous modes of historical knowing
Indian Science and Technology in the 18th Century,https://pub-1837129c34d34e56a6a81ac74dde2c4b.r2.dev/BOL%20-%20Indian%20Science%20and%20Technology%20in%20the%2018th%20Century.pdf,add-lens,technology-history|eighteenth-century-india|scientific-practice,technology-history|eighteenth-century-india|scientific-practice|svayambodha,history-and-civilizational-recovery,,,svayambodha,yes,Dharampal documenting pre-colonial Indian science — core civilizational recovery and self-knowledge work
Jews and Hindus in Indology,https://pub-1837129c34d34e56a6a81ac74dde2c4b.r2.dev/BOL%20-%20Jews%20and%20Hindus%20in%20Indology.pdf,add-lens,comparative-reception|indological-method|jewish-hindu-comparison,comparative-reception|indological-method|jewish-hindu-comparison|purva-paksha,indology-and-civilizational-critique,,,purva-paksha,yes,Comparative reception study of how Indology treated Jewish and Hindu texts — methodological critique of the discipline
Paradigm Lost the Application of the Historical Critical Method to the Bhagavadgita,https://pub-1837129c34d34e56a6a81ac74dde2c4b.r2.dev/BOL%20-%20Paradigm%20Lost%20the%20Application%20of%20the%20Historical%20Critical%20Method%20to%20the%20Bhagavadgita.pdf,add-lens,historical-critical-method|bhagavad-gita|textual-interpretation,historical-critical-method|bhagavad-gita|textual-interpretation|purva-paksha,indology-and-civilizational-critique,,,purva-paksha,yes,Direct engagement with Western historical-critical method applied to the Gita — paradigm case of purva-paksha
The Origins of Racism in the Humanities,https://pub-1837129c34d34e56a6a81ac74dde2c4b.r2.dev/BOL%20-%20The%20Origins%20of%20Racism%20in%20the%20Humanities.pdf,add-lens,race-theory|philology|humanities-history,race-theory|philology|humanities-history|purva-paksha,indology-and-civilizational-critique,,,purva-paksha,yes,Traces race theory inside Western philology and humanities — critique of the scholarly apparatus that produced Indology
The Passion of Paul Hacker,https://pub-1837129c34d34e56a6a81ac74dde2c4b.r2.dev/BOL%20-%20The%20Passion%20of%20Paul%20Hacker.pdf,add-lens,paul-hacker|scholarly-biography|theological-polemics,paul-hacker|scholarly-biography|theological-polemics|purva-paksha,indology-and-civilizational-critique,,,purva-paksha,yes,"Critical biography of Paul Hacker, German Indologist and polemicist — exemplary purva-paksha of a hostile scholar"
The Real Threat to Humanities Today,https://pub-1837129c34d34e56a6a81ac74dde2c4b.r2.dev/BOL%20-%20The%20Real%20Threat%20to%20Humanities%20Today.pdf,add-lens,humanities-crisis|academic-method|institutional-critique,humanities-crisis|academic-method|institutional-critique|purva-paksha,indology-and-civilizational-critique,,,purva-paksha,yes,Institutional critique of Western humanities — purva-paksha framing of the academic structures that contain Indology
